{
    "mle": {
        "slash": "El email no puede contener el caracter \"/\" o \"\"",
        "non_string": "Error al cargar el tipo de email",
        "empty": "No has ingresado ningun email.",
        "not_found": "El email ingresado no se encuentra registrado.",
        "wrong": "El email ingresado es incorrecto.",
        "unknow": "Ha ocurrido un error desconocido desconocido en el email",
        "used": "Este email ya se encuentra registrado.",
        "test": "Mensaje de prueba de fallo de email"
    },
    "ple": {
        "slash": "La contrase&ntilde;a no puede contener el caracter \"/\" o \"\"",
        "non_string": "Error al cargar el tipo de contrase&ntilde;a",
        "empty": "No has ingresado ninguna contrase&ntilde;a",
        "min_error": "La contrase&ntilde;a debe ser mayor a 8 caracteres.",
        "max_error": "La contrase&ntilde;a debe ser menor de 32 caracteres.",
        "missing": {
            "number": "La contrase&ntilde;a debe tener al menos 1 numero",
            "lowercase": "La contrase&ntilde;a debe tener al menos una minuscula",
            "uppercase": "la contrase&ntilde;a debe tener al menos una mayuscula",
            "special": "La contrase&ntilde;a debe tener al menos un caracter especial"
        },
        "wrong": "La contrase&ntilde;a ingresada es incorrecta",
        "unknow": "Ha ocurrido un error desconocido en la contrase&ntilde;a",
        "not_the_same": "La contrase&ntilde;a no es identica a la anterior",
        "not_validated": "La contrase&ntilde;a original no es valida",
        "test": "Mensaje de prueba de fallo de contrase&ntilde;a"
    },
    "username": {
        "slash": "El usuario no puede contener el caracter \"/\" o \"\"",
        "non_string": "Error al cargar el tipo de usuario",
        "empty": "No has ingresado ningun nombre de usuario.",
        "min_error": "El nombre debe ser mayor de 3 caracteres.",
        "max_error": "El nombre debe ser menor de 16 caracteres.",
        "used": "Este nombre ya se encuentra en uso.",
        "forbidden": "Este nombre es inapropiado.",
        "unknow": "Ha ocurrido un error desconocido con el usuario.",
        "test": "Mensaje de prueba de fallo de usuario"
    },
    "birthdate": {
        "slash": "La edad no puede contener el caracter \"/\" o \"\"",
        "empty": "No has ingresado ninguna edad",
        "non_string": "Error al cargar el tipo de edad",
        "age": {
            "underage": "Usted no cumple la edad minima permitida",
            "overage": "Ingresa tu verdadera edad",
            "invalid": "Edad invalida"
        },
        "unknow": "Ha ocurrido un error desconocido con la edad",
        "test": "Mensaje de prueba de fallo de edad"
    },
    "global": {
        "query_failed": {
            "login": "Fallo interno en la base de datos al iniciar sesion",
            "register": "Fallo interno en la base de datos al registrarse",
            "selectUserID": "Fallo interno en la base de datos al seleccionar el ID del usuario"
        },
        "invalid_request_method": "ERROR: Se intento autenticar mediante un metodo no autorizado",
        "doesUserExists": {
            "email_failed": "ERROR: No se pudo comprobar si el email esta registrado",
            "name_failed": "ERROR: No se pudo comprobar si el nombre de usuario esta registrado"
        },
        "selectUserID": {
            "unknow_userid": "ERROR: ID de usuario desconocido"
        },
        "ErrorException": "Ha ocurrido un fallo interno. Contacte soporte"
    }
}